<Manifest xmlns:xsi="http://www.w3.org/2001/XMLSchema-instance" xmlns:xsd="http://www.w3.org/2001/XMLSchema" xmlns="http://schemas.microsoft.com/xw/2004/10/manifest.html"><CreateServiceList><ServiceRecordType><Contract xmlns="http://schemas.microsoft.com/xw/2004/10/dssp.html">http://schemas.microsoft.com/robotics/2006/04/simulationengine.html</Contract><AliasList xmlns="http://schemas.microsoft.com/xw/2004/10/dssp.html" /><PartnerList xmlns="http://schemas.microsoft.com/xw/2004/10/dssp.html"><Partner><Service>lego.nxt.tribot.simulationenginestate (LEGO.NXT.Tribot.Simulation.Manifest).xml</Service><AliasList /><PartnerList /><Name>StateService</Name></Partner></PartnerList></ServiceRecordType><ServiceRecordType><Contract xmlns="http://schemas.microsoft.com/xw/2004/10/dssp.html">http://schemas.microsoft.com/robotics/simulation/services/2006/05/simulateddifferentialdrive.html</Contract><AliasList xmlns="http://schemas.microsoft.com/xw/2004/10/dssp.html" /><PartnerList xmlns="http://schemas.microsoft.com/xw/2004/10/dssp.html"><Partner><Service>http://localhost/LegoNXTMotorBase</Service><AliasList /><PartnerList /><Name xmlns:q1="http://schemas.microsoft.com/robotics/2006/04/simulation.html">q1:Entity</Name></Partner></PartnerList></ServiceRecordType><ServiceRecordType><Contract xmlns="http://schemas.microsoft.com/xw/2004/10/dssp.html">http://schemas.microsoft.com/robotics/simulation/services/2006/05/simulatedbumper.html</Contract><AliasList xmlns="http://schemas.microsoft.com/xw/2004/10/dssp.html" /><PartnerList xmlns="http://schemas.microsoft.com/xw/2004/10/dssp.html"><Partner><Service>http://localhost/LegoNXTBumpers</Service><AliasList /><PartnerList /><Name xmlns:q2="http://schemas.microsoft.com/robotics/2006/04/simulation.html">q2:Entity</Name></Partner></PartnerList></ServiceRecordType></CreateServiceList></Manifest>