<?xml version="1.0" encoding="UTF-8" ?>
<!-- Generated by Oracle SOA Modeler version 12.1.3.0.0 at [6/13/15 12:04 AM]. -->
<composite name="Project1"
           revision="1.0"
           label="2015-06-13_00-04-00_390"
           mode="active"
           state="on"
           xmlns="http://xmlns.oracle.com/sca/1.0"
           xmlns:xs="http://www.w3.org/2001/XMLSchema"
           xmlns:wsp="http://schemas.xmlsoap.org/ws/2004/09/policy"
           xmlns:orawsp="http://schemas.oracle.com/ws/2006/01/policy"
           xmlns:ui="http://xmlns.oracle.com/soa/designer/"
           xmlns:sca-ext="http://xmlns.oracle.com/sca/1.0-ext">
  <import namespace="http://xmlns.oracle.com/Application1/Project1/BPELProcess1" location="WSDLs/BPELProcess1.wsdl"
          importType="wsdl"/>
  <import namespace="http://tempuri.org/" location="WSDLs/ServiceWrapper.wsdl" importType="wsdl"/>
  <service name="bpelprocess1_client_ep" ui:wsdlLocation="WSDLs/BPELProcess1.wsdl">
    <interface.wsdl interface="http://xmlns.oracle.com/Application1/Project1/BPELProcess1#wsdl.interface(BPELProcess1)"/>
    <binding.ws port="http://xmlns.oracle.com/Application1/Project1/BPELProcess1#wsdl.endpoint(bpelprocess1_client_ep/BPELProcess1_pt)"/>
  </service>
  <property name="productVersion" type="xs:string" many="false">12.1.3.0.0</property>
  <property name="compositeID" type="xs:string" many="false">082b17c1-71ca-4c64-8071-c0360d461486</property>
  <component name="BPELProcess1" version="2.0">
    <implementation.bpel src="BPEL/BPELProcess1.bpel"/>
    <componentType>
      <service name="bpelprocess1_client" ui:wsdlLocation="WSDLs/BPELProcess1.wsdl">
        <interface.wsdl interface="http://xmlns.oracle.com/Application1/Project1/BPELProcess1#wsdl.interface(BPELProcess1)"/>
      </service>
      <reference name="ASUPartnerLink" ui:wsdlLocation="WSDLs/ServiceWrapper.wsdl">
        <interface.wsdl interface="http://tempuri.org/#wsdl.interface(IService)"/>
      </reference>
    </componentType>
    <property name="bpel.config.transaction" type="xs:string" many="false">required</property>
  </component>
  <reference name="ASUPartnerLink" ui:wsdlLocation="WSDLs/ServiceWrapper.wsdl">
    <interface.wsdl interface="http://tempuri.org/#wsdl.interface(IService)"/>
    <binding.ws port="http://tempuri.org/#wsdl.endpoint(Service/BasicHttpBinding_IService)"
                location="WSDLs/ServiceWrapper.wsdl" soapVersion="1.1"/>
  </reference>
  <wire>
    <source.uri>bpelprocess1_client_ep</source.uri>
    <target.uri>BPELProcess1/bpelprocess1_client</target.uri>
  </wire>
  <wire>
    <source.uri>BPELProcess1/ASUPartnerLink</source.uri>
    <target.uri>ASUPartnerLink</target.uri>
  </wire>
</composite>
